Top pages,Clicks,Impressions,CTR,Position
https://9anonai.com/,386,6875,5.61%,3.72
https://9anonai.com/ar/blog/remote-work-regulations-morocco-2026,38,649,5.86%,6.02
https://9anonai.com/fr/blog/rental-increase-limits-2026-morocco,37,1120,3.3%,5.7
https://9anonai.com/ar/blog/name-change-procedures-morocco-2026,32,1256,2.55%,6.17
https://9anonai.com/ar/blog/visa-overstay-fines-regularization-morocco,24,419,5.73%,5.22
https://9anonai.com/ar/blog/moroccan-law-on-artificial-intelligence,20,258,7.75%,6.84
https://9anonai.com/fr/legal-ai,19,852,2.23%,6.58
https://9anonai.com/fr/blog/vat-exemptions-new-products-2026,18,390,4.62%,5.53
https://9anonai.com/blog/visa-overstay-fines-regularization-morocco,18,109,16.51%,4
https://9anonai.com/ar/blog/moroccan-law-on-cybersecurity,17,582,2.92%,7.99
https://9anonai.com/fr/blog/name-change-procedures-morocco-2026,17,473,3.59%,5.18
https://9anonai.com/ar/blog/cybercrime-penalties-morocco-social-media,16,794,2.02%,5.15
https://9anonai.com/ar/blog/mandatory-written-rental-contracts-2026,15,644,2.33%,5.19
https://9anonai.com/ar/blog/personal-income-tax-brackets-2026,15,470,3.19%,6.1
https://9anonai.com/fr/blog/migrant-regularization-morocco-2026,14,358,3.91%,4.48
https://9anonai.com/fr/blog/mahakim-ma-guide-2026,13,1045,1.24%,6.2
https://9anonai.com/ar/blog/inheritance-law-morocco-succession-rights,13,800,1.62%,9.37
https://9anonai.com/blog/personal-income-tax-brackets-2026,13,267,4.87%,5.68
https://9anonai.com/fr/blog/moroccan-law-on-artificial-intelligence,12,1849,0.65%,4.33
https://9anonai.com/ar/blog/crypto-trading-license-morocco-2026,12,346,3.47%,5.95
https://9anonai.com/fr/blog/visa-overstay-fines-regularization-morocco,12,336,3.57%,4.28
https://9anonai.com/ar/blog/residence-permit-renewal-2026,12,311,3.86%,6.01
https://9anonai.com/fr/blog/declare-rental-income-tax-morocco-2026,11,857,1.28%,8.19
https://9anonai.com/ar/blog/foreigner-agricultural-land-purchase-morocco,11,310,3.55%,6.92
https://9anonai.com/fr/blog/late-company-registration-penalties-morocco-2026,11,307,3.58%,5.89
https://9anonai.com/ar/blog/moroccan-law-on-e-commerce,11,255,4.31%,8.4
https://9anonai.com/ar/blog/moroccan-inheritance-law-for-foreigners,11,181,6.08%,6.15
https://9anonai.com/en/blog/divorce-procedure-morocco-complete-guide,10,3164,0.32%,6.99
https://9anonai.com/ar/blog/supreme-court-cassation-appeals-procedure-2026,10,395,2.53%,4.86
https://9anonai.com/ar/blog/competition-law-compliance-2026,10,259,3.86%,7.54
https://9anonai.com/ar/legal-ai,10,120,8.33%,6.98
https://9anonai.com/fr/blog/customs-duty-solar-panels-appliances-2026,9,265,3.4%,4.86
https://9anonai.com/ar/blog/declare-rental-income-tax-morocco-2026,9,181,4.97%,6.91
https://9anonai.com/ar/blog/electoral-law-2026-candidate-eligibility,9,158,5.7%,8.62
https://9anonai.com/ar/blog/moroccan-law-on-medical-liability,8,275,2.91%,6.66
https://9anonai.com/fr/blog/ras-corporate-rentals-services-morocco-2026,8,269,2.97%,6.41
https://9anonai.com/ar/blog/consumer-protection-rights-morocco,8,219,3.65%,12.87
https://9anonai.com/fr/blog/moroccan-law-on-telecommunications-regulation,8,188,4.26%,6.04
https://9anonai.com/ar/blog/vat-exemptions-new-products-2026,8,147,5.44%,5.58
https://9anonai.com/ar/blog/moroccan-law-on-the-protection-of-privacy-in-the-workplace,8,129,6.2%,8.6
https://9anonai.com/fr/blog/mandatory-written-rental-contracts-2026,7,1059,0.66%,5.86
https://9anonai.com/ar/blog/foreign-property-ownership-2026,7,680,1.03%,6.97
https://9anonai.com/ar/blog/real-estate-digital-registration-morocco-2026,7,332,2.11%,6.81
https://9anonai.com/ar/blog/judicial-digitization-impact-2026,7,247,2.83%,6.34
https://9anonai.com/fr/blog/remote-work-regulations-morocco-2026,7,224,3.12%,4.97
https://9anonai.com/ar/blog/migrant-regularization-morocco-2026,7,223,3.14%,5.67
https://9anonai.com/fr/blog/e-commerce-delivery-delays-consumer-rights,7,210,3.33%,4.57
https://9anonai.com/ar/blog/morocco-solar-project-tax-credits-2026,7,173,4.05%,5.71
https://9anonai.com/ar/blog/moroccan-competition-law-market-regulation,7,139,5.04%,9.91
https://9anonai.com/fr/blog/inheritance-law-morocco-succession-rights,6,1260,0.48%,8.39
https://9anonai.com/fr/blog/residence-permit-renewal-2026,6,530,1.13%,5.73
https://9anonai.com/fr/blog/surtax-cash-property-morocco-2026,6,319,1.88%,4.97
https://9anonai.com/fr/blog/law-governing-agricultural-land-morocco,6,271,2.21%,6.56
https://9anonai.com/ar/blog/permanent-residency-naturalization-morocco,6,229,2.62%,7.25
https://9anonai.com/ar/blog/ecommerce-refund-delays-morocco-2026,6,195,3.08%,6.14
https://9anonai.com/ar/blog/electronic-court-filing-morocco-2026,6,148,4.05%,5.86
https://9anonai.com/fr/blog/moroccan-law-on-public-service-reform,6,105,5.71%,6.8
https://9anonai.com/ar/blog/reform-of-the-code-of-obligations-and-contracts,6,102,5.88%,6.59
https://9anonai.com/fr/blog/moroccan-law-on-digital-identity,6,100,6%,6.2
https://9anonai.com/ar/blog/moroccan-law-on-data-security,6,93,6.45%,6.92
https://9anonai.com/ar/blog/electoral-law-reforms-candidates-morocco,6,80,7.5%,9.65
https://9anonai.com/en/blog/tenant-rights-morocco-rental-disputes,5,1645,0.3%,6.36
https://9anonai.com/fr/blog/moroccan-nationality-law,5,824,0.61%,9.65
https://9anonai.com/fr/blog/ecommerce-refund-delays-morocco-2026,5,742,0.67%,4.87
https://9anonai.com/fr/blog/moroccan-legislation-on-cultural-heritage,5,218,2.29%,7.37
https://9anonai.com/ar/blog/residence-permit-renewal-delays-morocco,5,169,2.96%,8.27
https://9anonai.com/family-law,5,169,2.96%,9.01
https://9anonai.com/ar/blog/moroccan-law-on-mines-and-quarries,5,96,5.21%,8.57
https://9anonai.com/fr/blog/moroccan-code-of-ethics-for-lawyers,5,91,5.49%,6.66
https://9anonai.com/fr/blog/moroccan-law-on-whistleblowing,5,89,5.62%,4.29
https://9anonai.com/ar/blog,5,87,5.75%,6.84
https://9anonai.com/ar/blog/moroccan-law-on-digital-identity,5,75,6.67%,7.72
https://9anonai.com/ar/blog/moroccan-law-on-social-entrepreneurship,5,33,15.15%,3.73
https://9anonai.com/en/blog/inheritance-law-morocco-succession-rights,4,4662,0.09%,6.02
https://9anonai.com/en/blog/crypto-trading-license-morocco-2026,4,2010,0.2%,5.24
https://9anonai.com/en/blog/finance-law-2026-tax-reforms-morocco,4,1485,0.27%,7.18
https://9anonai.com/en/blog/permanent-residency-naturalization-morocco,4,1106,0.36%,8.06
https://9anonai.com/fr/blog/morocco-labor-code-employee-rights,4,551,0.73%,11.64
https://9anonai.com/fr/blog/moroccan-law-on-cybersecurity,4,412,0.97%,7.26
https://9anonai.com/fr/blog/cybercrime-penalties-morocco-social-media,4,382,1.05%,5.56
https://9anonai.com/en/blog/administrative-law-citizen-rights,4,320,1.25%,5.12
https://9anonai.com/fr/blog/moroccan-law-on-e-commerce,4,241,1.66%,6.34
https://9anonai.com/ar/blog/business-tax-amnesty-morocco-2026,4,186,2.15%,7.91
https://9anonai.com/en/blog/legal-cannabis-cultivation-registration-morocco,4,139,2.88%,5.16
https://9anonai.com/ar/blog/ngo-establishment-law-morocco,4,136,2.94%,9.71
https://9anonai.com/fr/blog/renewable-energy-law-morocco,4,122,3.28%,8.04
https://9anonai.com/ar/blog/law-governing-agricultural-land-morocco,4,115,3.48%,6.96
https://9anonai.com/fr/blog/business-tax-amnesty-morocco-2026,4,115,3.48%,7.46
https://9anonai.com/ar/blog/property-sales-notary-fees-2026,4,107,3.74%,6.97
https://9anonai.com/fr/blog/judicial-digitization-impact-2026,4,100,4%,6.18
https://9anonai.com/fr/blog/regulation-of-clinical-trials-in-morocco,4,94,4.26%,6.48
https://9anonai.com/ar/blog/moroccan-law-intellectual-property-protection,4,80,5%,11.28
https://9anonai.com/fr,4,64,6.25%,4.41
https://9anonai.com/ar/blog/education-law-59-21-reform,4,61,6.56%,11.3
https://9anonai.com/ar/blog/legal-implications-of-blockchain-technology-in-morocco,4,53,7.55%,5.38
https://9anonai.com/ar/blog/rental-increase-limits-2026-morocco,3,505,0.59%,6.59
https://9anonai.com/en/blog/moroccan-law-on-e-commerce,3,416,0.72%,4.35
https://9anonai.com/fr/blog/corporate-tax-exemptions-small-firms-2026,3,400,0.75%,5.27
https://9anonai.com/en/blog/online-legal-consultation-morocco-chatbot,3,324,0.93%,5.55
https://9anonai.com/ar/blog/e-commerce-delivery-delays-consumer-rights,3,305,0.98%,6.75
https://9anonai.com/en/blog/residence-permit-renewal-2026,3,300,1%,5.14
https://9anonai.com/fr/blog/moroccan-law-on-consumer-credit,3,251,1.2%,9.97
https://9anonai.com/fr/blog/personal-income-tax-brackets-2026,3,239,1.26%,6.87
https://9anonai.com/fr/blog/non-resident-mortgage-access-morocco,3,225,1.33%,7.73
https://9anonai.com/ar/blog/customs-duty-solar-panels-appliances-2026,3,198,1.52%,5.35
https://9anonai.com/ar/blog/mahakim-ma-guide-2026,3,169,1.78%,7.07
https://9anonai.com/fr/blog/morocco-long-stay-visa-digital-nomads,3,133,2.26%,6.26
https://9anonai.com/ar/blog/judicial-system-modernization-morocco-2026,3,110,2.73%,5.25
https://9anonai.com/en/blog/regulation-of-fintech-companies-in-morocco,3,101,2.97%,5.58
https://9anonai.com/ar/blog/moroccan-regulation-of-artificial-intelligence-in-the-public-sector,3,95,3.16%,8.46
https://9anonai.com/fr/blog/moroccan-internet-law-digital-ethics,3,77,3.9%,6.01
https://9anonai.com/ar/blog/moroccan-internet-law-digital-ethics,3,72,4.17%,5.08
https://9anonai.com/fr/blog/residence-permit-renewal-delays-morocco,3,69,4.35%,7.1
https://9anonai.com/fr/blog/competition-council-powers-2026-morocco,3,66,4.55%,6.58
https://9anonai.com/ar/blog/morocco-migration-law-challenges-2026,3,63,4.76%,7.32
https://9anonai.com/ar/blog/moroccan-law-on-the-rights-of-persons-with-disabilities,3,53,5.66%,10.55
https://9anonai.com/ar/blog/moroccan-legislation-on-cultural-heritage,3,35,8.57%,7.8
https://9anonai.com/ar/blog/moroccan-law-on-the-protection-of-personal-data-in-scientific-research,3,34,8.82%,6.71
https://9anonai.com/ar/blog/the-legal-framework-for-public-private-partnerships-in-morocco,3,24,12.5%,10.83
https://9anonai.com/ar/blog/moroccan-law-on-the-protection-of-geographical-indications,3,7,42.86%,5
https://9anonai.com/en/blog/starting-business-morocco-company-registration,2,6216,0.03%,7.1
https://9anonai.com/en/blog/foreigner-agricultural-land-purchase-morocco,2,1227,0.16%,5.85
https://9anonai.com/en/blog/public-procurement-law-morocco,2,980,0.2%,5.02
https://9anonai.com/en/blog/visa-overstay-fines-regularization-morocco,2,877,0.23%,5.15
https://9anonai.com/fr/blog/consumer-protection-rights-morocco,2,728,0.27%,7.55
https://9anonai.com/en/blog/moroccan-law-on-environmental-impact-assessments,2,670,0.3%,4.66
https://9anonai.com/en/blog/morocco-migration-law-challenges-2026,2,573,0.35%,5.04
https://9anonai.com/en/blog/real-estate-digital-registration-morocco-2026,2,501,0.4%,5.91
https://9anonai.com/en/blog/corporate-tax-exemptions-small-firms-2026,2,396,0.51%,4.97
https://9anonai.com/en/blog/moroccan-law-on-artificial-intelligence,2,390,0.51%,3.58
https://9anonai.com/en/blog/moroccan-internet-law-digital-ethics,2,299,0.67%,4.77
https://9anonai.com/en/blog/mahakim-ma-guide-2026,2,266,0.75%,5.77
https://9anonai.com/en/blog/residence-permit-renewal-delays-morocco,2,261,0.77%,5.35
https://9anonai.com/fr/blog/tax-dispute-appeal-deadlines-morocco-2026,2,254,0.79%,4.42
https://9anonai.com/ar/blog/moroccan-nationality-law,2,222,0.9%,10.85
https://9anonai.com/ar/blog/non-resident-mortgage-access-morocco,2,194,1.03%,8.92
https://9anonai.com/en/blog/moroccan-law-on-cybersecurity,2,163,1.23%,5.42
https://9anonai.com/fr/blog/moroccan-law-on-franchising,2,163,1.23%,6.52
https://9anonai.com/ar/blog/surtax-cash-property-morocco-2026,2,155,1.29%,6.61
https://9anonai.com/fr/blog/tenant-rights-morocco-rental-disputes,2,151,1.32%,5.76
https://9anonai.com/fr/blog/moroccan-law-on-intellectual-property-for-artists,2,140,1.43%,6.36
https://9anonai.com/ar/blog/remote-work-contracts-morocco-2026,2,140,1.43%,7.14
https://9anonai.com/fr/blog/moroccan-inheritance-law-for-foreigners,2,137,1.46%,6.38
https://9anonai.com/fr/blog/electoral-law-2026-candidate-eligibility,2,134,1.49%,5.49
https://9anonai.com/en/blog/mining-code-reform-morocco,2,131,1.53%,6.33
https://9anonai.com/ar/blog/ai-liability-court-decisions-morocco,2,129,1.55%,6.21
https://9anonai.com/fr/blog/digital-tax-registration-ecommerce-2026,2,120,1.67%,4.88
https://9anonai.com/fr/blog/legal-implications-of-blockchain-technology-in-morocco,2,115,1.74%,6.97
https://9anonai.com/ar/blog/moroccan-regulations-on-import-export,2,113,1.77%,8.01
https://9anonai.com/fr/blog/regulation-of-fintech-companies-in-morocco,2,107,1.87%,5.79
https://9anonai.com/fr/blog/reform-of-the-code-of-obligations-and-contracts,2,106,1.89%,4.12
https://9anonai.com/ar/blog/finance-law-2026-tax-reforms-morocco,2,97,2.06%,9.36
https://9anonai.com/labor-law,2,93,2.15%,7.49
https://9anonai.com/fr/blog/ngo-establishment-law-morocco,2,93,2.15%,14.77
https://9anonai.com/en/legal-ai,2,85,2.35%,5.48
https://9anonai.com/en/blog/rental-increase-limits-2026-morocco,2,81,2.47%,3.84
https://9anonai.com/en/blog/moroccan-law-on-renewable-energy-incentives,2,75,2.67%,6.24
https://9anonai.com/fr/blog/moroccan-law-on-data-localization,2,73,2.74%,10.27
https://9anonai.com/fr/blog/judicial-system-modernization-morocco-2026,2,71,2.82%,4.54
https://9anonai.com/ar/blog/law-on-social-security-contributions-self-employed,2,67,2.99%,7.42
https://9anonai.com/fr/blog/contract-review-ai-morocco-business,2,62,3.23%,7.45
https://9anonai.com/fr/blog/moroccan-law-on-non-profit-organizations,2,61,3.28%,6.77
https://9anonai.com/ar/blog/agricultural-land-ownership-laws-nationals-vs-foreigners,2,61,3.28%,7.33
https://9anonai.com/ar/blog/criminal-justice-penal-code-morocco,2,58,3.45%,9.69
https://9anonai.com/ar/blog/ras-corporate-rentals-services-morocco-2026,2,55,3.64%,5.62
https://9anonai.com/ar/blog/moroccan-code-of-ethics-for-lawyers,2,44,4.55%,14.57
https://9anonai.com/ar/blog/commercial-law-starting-business-morocco,2,43,4.65%,10.33
https://9anonai.com/ar/blog/moroccan-law-on-public-private-partnerships-for-infrastructure,2,37,5.41%,9
https://9anonai.com/fr/blog/law-on-the-protection-of-cultural-heritage-data,2,35,5.71%,8.63
https://9anonai.com/ar/blog/online-legal-consultation-morocco-chatbot,2,33,6.06%,6.39
https://9anonai.com/ar/blog/moroccan-law-on-renewable-energy-incentives,2,30,6.67%,10.43
https://9anonai.com/ar/blog/legal-ai-assistant-morocco-guide,2,29,6.9%,5.1
https://9anonai.com/ar/blog/moroccan-environmental-law-plastic-ban,2,28,7.14%,7.75
https://9anonai.com/ar/blog/legal-framework-for-e-sports-in-morocco,2,25,8%,8.08
https://9anonai.com/ar/blog/moroccan-law-tax-incentives-startups,2,21,9.52%,5.19
https://9anonai.com/ar/blog/mining-code-reform-morocco,2,21,9.52%,11.14
https://9anonai.com/ar/blog/contract-review-ai-morocco-business,2,19,10.53%,8.26
https://9anonai.com/ar/blog/moroccan-law-on-consumer-credit,2,19,10.53%,9.32
https://9anonai.com/blog/unpaid-checks-family-exceptions-morocco,2,14,14.29%,7
https://9anonai.com/ar/blog/moroccan-law-on-protection-of-personal-property,2,12,16.67%,8.58
https://9anonai.com/en/blog/divorce-by-mutual-consent-morocco-2026,1,2254,0.04%,4.68
https://9anonai.com/en/blog/moroccan-regulations-on-import-export,1,1232,0.08%,6.84
https://9anonai.com/en/blog/tax-compliance-morocco-business-guide,1,1094,0.09%,7.15
https://9anonai.com/en/blog/agricultural-land-ownership-laws-nationals-vs-foreigners,1,825,0.12%,5.53
https://9anonai.com/en/blog/property-law-buying-selling-inheritance,1,797,0.13%,5.97
https://9anonai.com/en/blog/commercial-law-starting-business-morocco,1,702,0.14%,6.45
https://9anonai.com/en/blog/personal-income-tax-brackets-2026,1,582,0.17%,5.09
https://9anonai.com/en/blog/digital-privacy-cybercrime-laws,1,581,0.17%,6.54
https://9anonai.com/fr/blog/executive-non-compete-morocco-2026,1,412,0.24%,6.07
https://9anonai.com/en/blog/name-change-procedures-morocco-2026,1,393,0.25%,3.74
https://9anonai.com/en/blog/criminal-justice-penal-code-morocco,1,371,0.27%,6.09
https://9anonai.com/fr/blog/moroccan-law-on-environmental-impact-assessments,1,352,0.28%,8.65
https://9anonai.com/en/blog/reform-of-the-code-of-obligations-and-contracts,1,341,0.29%,6.39
https://9anonai.com/en/blog/business-tax-amnesty-morocco-2026,1,296,0.34%,6.25
https://9anonai.com/fr/blog/ai-liability-court-decisions-morocco,1,255,0.39%,6.03
https://9anonai.com/fr/blog/mahakim-ma-password-reset-2026,1,252,0.4%,7.2
https://9anonai.com/en/blog/moroccan-law-on-non-profit-organizations,1,247,0.4%,3.98
https://9anonai.com/en/blog/ngo-establishment-law-morocco,1,247,0.4%,4.98
https://9anonai.com/en/blog/moroccan-inheritance-law-for-foreigners,1,239,0.42%,6.79
https://9anonai.com/traffic-law,1,232,0.43%,7.35
https://9anonai.com/en/blog/moroccan-law-on-data-localization,1,226,0.44%,5.06
https://9anonai.com/fr/blog/moroccan-law-governing-water-resources,1,220,0.45%,8.6
https://9anonai.com/en/blog/unpaid-checks-family-exceptions-morocco,1,210,0.48%,5.53
https://9anonai.com/fr/blog/divorce-by-mutual-consent-morocco-2026,1,208,0.48%,7.56
https://9anonai.com/en/blog/limits-domestic-borrowing-minister-finance-2026,1,201,0.5%,5.39
https://9anonai.com/en/blog/regulation-of-clinical-trials-in-morocco,1,198,0.51%,5.81
https://9anonai.com/fr/blog/legal-ai-assistant-morocco-guide,1,194,0.52%,7.44
https://9anonai.com/ar/blog/property-law-buying-selling-inheritance,1,190,0.53%,7.69
https://9anonai.com/ar/blog/divorce-by-mutual-consent-morocco-2026,1,169,0.59%,8.6
https://9anonai.com/ar/blog/starting-business-expat-2026,1,155,0.65%,5.1
https://9anonai.com/fr/blog/moroccan-law-on-medical-liability,1,154,0.65%,6.19
https://9anonai.com/fr/blog/online-legal-consultation-morocco-chatbot,1,152,0.66%,7.24
https://9anonai.com/fr/blog/foreigner-agricultural-land-purchase-morocco,1,152,0.66%,7.49
https://9anonai.com/fr/blog/remote-work-contracts-morocco-2026,1,144,0.69%,5.78
https://9anonai.com/fr/blog/moroccan-law-tax-incentives-startups,1,137,0.73%,6.53
https://9anonai.com/fr/blog/employee-rights-morocco-labor-law,1,137,0.73%,11.27
https://9anonai.com/fr/blog/moroccan-law-on-public-private-partnerships-for-infrastructure,1,125,0.8%,9.29
https://9anonai.com/fr/blog/supreme-court-cassation-appeals-procedure-2026,1,124,0.81%,3.98
https://9anonai.com/fr/blog/moroccan-law-on-clinical-data-protection,1,119,0.84%,7.89
https://9anonai.com/en/blog/electoral-law-reform-candidate-eligibility-morocco,1,118,0.85%,4.36
https://9anonai.com/fr/blog/ai-use-in-court-evidence-2026,1,106,0.94%,6.8
https://9anonai.com/fr/blog/company-access-guaranteed-external-loans-2026,1,103,0.97%,4.25
https://9anonai.com/ar/blog/moroccan-law-on-franchising,1,95,1.05%,4.34
https://9anonai.com/en/blog/ras-corporate-rentals-services-morocco-2026,1,93,1.08%,6.53
https://9anonai.com/ar/blog/capital-gains-self-employed-retirement-2026,1,92,1.09%,9.6
https://9anonai.com/fr/blog/digital-privacy-cybercrime-laws,1,82,1.22%,5.79
https://9anonai.com/ar/blog/law-on-intellectual-property-enforcement,1,79,1.27%,11.62
https://9anonai.com/en/blog/moroccan-code-of-ethics-for-lawyers,1,70,1.43%,5.57
https://9anonai.com/fr/blog/the-legal-framework-for-investment-funds-in-morocco,1,70,1.43%,7.73
https://9anonai.com/ar/blog/late-company-registration-penalties-morocco-2026,1,68,1.47%,5.99
https://9anonai.com/ar/blog/movable-asset-security-law-2026,1,68,1.47%,9.28
https://9anonai.com/fr/blog/moroccan-regulation-of-artificial-intelligence-in-the-public-sector,1,67,1.49%,5.25
https://9anonai.com/fr/blog/property-law-buying-selling-inheritance,1,65,1.54%,7.42
https://9anonai.com/ar/blog/morocco-long-stay-visa-digital-nomads,1,63,1.59%,7.49
https://9anonai.com/fr/blog/electronic-court-filing-morocco-2026,1,61,1.64%,6.28
https://9anonai.com/fr/blog/competition-law-compliance-2026,1,61,1.64%,6.43
https://9anonai.com/ar/blog/employee-rights-morocco-labor-law,1,59,1.69%,9.63
https://9anonai.com/fr/blog/moudawana-inheritance-reform,1,58,1.72%,8.78
https://9anonai.com/fr/blog/legal-cannabis-cultivation-registration-morocco,1,58,1.72%,10.81
https://9anonai.com/fr/blog/moroccan-law-on-social-entrepreneurship,1,54,1.85%,30.44
https://9anonai.com/fr/blog/moroccan-law-on-the-protection-of-privacy-in-the-workplace,1,53,1.89%,6.25
https://9anonai.com/ar/blog/moroccan-law-on-intellectual-property-for-artists,1,52,1.92%,6.52
https://9anonai.com/en/blog/law-on-cross-border-data-transfers,1,44,2.27%,6.91
https://9anonai.com/fr/blog/mining-code-reform-morocco,1,43,2.33%,8.6
https://9anonai.com/ar/blog/company-access-guaranteed-external-loans-2026,1,41,2.44%,5.63
https://9anonai.com/ar/blog/digital-tax-registration-ecommerce-2026,1,41,2.44%,6.44
https://9anonai.com/ar/blog/judicial-digitization-cost-savings-2026,1,39,2.56%,7.13
https://9anonai.com/fr/legal-chatbot,1,39,2.56%,10.59
https://9anonai.com/fr/blog/moroccan-law-on-securities-and-exchange-board,1,37,2.7%,6.92
https://9anonai.com/fr/blog/the-legal-framework-for-public-private-partnerships-in-morocco,1,36,2.78%,6.53
https://9anonai.com/ar/blog/tax-compliance-morocco-business-guide,1,34,2.94%,12.47
https://9anonai.com/en/business-legal,1,32,3.12%,7.41
https://9anonai.com/ar/blog/limits-domestic-borrowing-minister-finance-2026,1,30,3.33%,4.5
https://9anonai.com/contract-builder,1,30,3.33%,9.7
https://9anonai.com/fr/contract-review,1,28,3.57%,11.39
https://9anonai.com/ar/blog/judicial-liquidation-timelines-law-36-24,1,27,3.7%,5.04
https://9anonai.com/ar/blog/moroccan-law-on-securities-and-exchange-board,1,27,3.7%,9.07
https://9anonai.com/blog/judicial-services-digital-fees,1,27,3.7%,9.15
https://9anonai.com/en/blog/moroccan-law-on-the-fight-against-corruption,1,25,4%,4.68
https://9anonai.com/ar/blog/administrative-law-citizen-rights,1,25,4%,12.48
https://9anonai.com/en,1,24,4.17%,3.38
https://9anonai.com/ar/blog/unpaid-checks-family-exceptions-morocco,1,24,4.17%,8.08
https://9anonai.com/ar/blog/the-legal-aspects-of-impact-investing-in-morocco,1,24,4.17%,10.71
https://www.9anonai.com/login,1,23,4.35%,7.91
https://9anonai.com/fr/startup-legal,1,22,4.55%,12.82
https://9anonai.com/ar/blog/moroccan-law-on-public-service-reform,1,19,5.26%,7.05
https://9anonai.com/fr/blog/moroccan-law-intellectual-property-protection,1,16,6.25%,19.06
https://9anonai.com/ar/blog/regulation-of-the-sharing-economy-in-morocco,1,15,6.67%,6.73
https://9anonai.com/ar/blog/family-name-change-law,1,15,6.67%,8.6
https://9anonai.com/ar/blog/regulation-of-fintech-companies-in-morocco,1,14,7.14%,5.79
https://9anonai.com/ar/blog/executive-non-compete-morocco-2026,1,14,7.14%,7.07
https://9anonai.com/ar/blog/digital-privacy-cybercrime-laws,1,14,7.14%,13.29
https://9anonai.com/ar/blog/moroccan-law-on-data-localization,1,12,8.33%,21.25
https://9anonai.com/ar/blog/moroccan-securities-law-crowdfunding-regulation,1,11,9.09%,5.82
https://9anonai.com/ar/blog/moroccan-law-on-non-profit-organizations,1,11,9.09%,6.73
https://9anonai.com/blog/urban-planning-reform-morocco,1,11,9.09%,6.91
https://9anonai.com/fr/blog/remote-work-regulation-morocco,1,11,9.09%,7.55
https://9anonai.com/en/blog/legal-profession-protest-law,1,11,9.09%,16.45
https://9anonai.com/ar/blog/law-on-protection-of-geographic-indications-morocco,1,10,10%,6.6
https://9anonai.com/ar/legal-chatbot,1,9,11.11%,7.33
https://9anonai.com/ar/blog/moudawana-child-custody-reform,1,7,14.29%,11.71
https://9anonai.com/ar/blog/understanding-moudawana-family-code,1,7,14.29%,84.14
https://9anonai.com/ar/blog/judicial-services-digital-fees,1,6,16.67%,25.5
https://9anonai.com/ar/blog/digital-courts-morocco,1,5,20%,17
https://9anonai.com/en/blog/electronic-monitoring-morocco,1,3,33.33%,3.67
https://9anonai.com/en/blog/understanding-moudawana-family-code,0,2631,0%,6.47
https://9anonai.com/en/blog/foreign-property-ownership-2026,0,1533,0%,5.98
https://9anonai.com/en/blog/moroccan-nationality-law,0,912,0%,8.88
https://9anonai.com/fr/blog/starting-business-morocco-company-registration,0,869,0%,4.83
https://9anonai.com/en/blog/moroccan-law-governing-water-resources,0,645,0%,4.89
https://9anonai.com/en/blog/cybercrime-penalties-morocco-social-media,0,644,0%,4.23
https://9anonai.com/en/blog/corporate-tax-rate-smes-2026,0,601,0%,5.51
https://9anonai.com/en/blog/moroccan-law-on-urban-development-and-housing,0,595,0%,5.24
https://9anonai.com/en/blog/morocco-labor-code-employee-rights,0,575,0%,6.52
https://9anonai.com/en/blog/moroccan-legislation-on-cultural-heritage,0,508,0%,4.16
https://9anonai.com/fr/blog/law-on-social-security-contributions-self-employed,0,501,0%,7.35
https://9anonai.com/en/blog/law-governing-agricultural-land-morocco,0,461,0%,5.88
https://9anonai.com/en/blog/data-protection-law-personal-data-morocco,0,414,0%,7.36
https://9anonai.com/en/blog/judicial-digitization-impact-2026,0,399,0%,4.63
https://9anonai.com/en/blog/morocco-solar-project-tax-credits-2026,0,353,0%,5.47
https://9anonai.com/en/blog/declare-rental-income-tax-morocco-2026,0,353,0%,5.99
https://9anonai.com/en/blog/judicial-liquidation-timelines-law-36-24,0,348,0%,3.87
https://9anonai.com/en/blog/moroccan-law-tax-incentives-startups,0,335,0%,4.89
https://9anonai.com/fr/blog/mediation-and-arbitration-law-in-morocco,0,333,0%,8.36
https://9anonai.com/en/blog/remote-work-regulations-morocco-2026,0,324,0%,4.43
https://9anonai.com/en/blog/commercial-law-morocco-business-compliance,0,310,0%,6.45
https://9anonai.com/en/blog/law-on-social-security-contributions-self-employed,0,292,0%,5.98
https://9anonai.com/fr/blog/agricultural-land-ownership-laws-nationals-vs-foreigners,0,256,0%,6.19
https://9anonai.com/en/blog/remote-work-contracts-morocco-2026,0,248,0%,5.22
https://9anonai.com/en/blog/moroccan-law-on-public-health-emergencies,0,246,0%,6.62
https://9anonai.com/en/blog/moroccan-law-on-access-to-healthcare,0,241,0%,5.63
https://9anonai.com/en/blog/moroccan-law-on-consumer-credit,0,239,0%,5.19
https://9anonai.com/en/blog/morocco-long-stay-visa-digital-nomads,0,239,0%,6.62
https://9anonai.com/en/blog/digital-tax-registration-ecommerce-2026,0,232,0%,4.98
https://9anonai.com/fr/blog/visa-extension-for-migrants-2026,0,230,0%,7
https://9anonai.com/fr/blog/foreign-property-ownership-2026,0,222,0%,5.42
https://9anonai.com/en/blog/e-commerce-delivery-delays-consumer-rights,0,220,0%,4.53
https://9anonai.com/en/startup-legal,0,215,0%,7.93
https://9anonai.com/en/blog/supreme-court-cassation-appeals-procedure-2026,0,209,0%,3.49
https://9anonai.com/en/blog/moroccan-law-on-telecommunications-regulation,0,207,0%,6.41
https://9anonai.com/en/blog/moroccan-law-on-digital-identity,0,203,0%,5.54
https://9anonai.com/en/blog/employee-rights-morocco-labor-law,0,203,0%,6.66
https://9anonai.com/ar/blog/data-protection-law-personal-data-morocco,0,200,0%,8.66
https://9anonai.com/fr/blog/starting-business-expat-2026,0,189,0%,7.34
https://9anonai.com/fr/blog/data-protection-law-personal-data-morocco,0,189,0%,7.96
https://9anonai.com/en/blog/late-company-registration-penalties-morocco-2026,0,186,0%,5.54
https://9anonai.com/en/blog/moroccan-law-on-the-protection-of-personal-data-in-scientific-research,0,181,0%,5.96
https://9anonai.com/en/blog/moroccan-regulation-of-artificial-intelligence-in-the-public-sector,0,181,0%,6.45
https://9anonai.com/en/blog/migrant-regularization-morocco-2026,0,174,0%,4.49
https://9anonai.com/en/blog/vat-exemptions-new-products-2026,0,165,0%,5.22
https://9anonai.com/fr/blog/corporate-tax-rate-smes-2026,0,165,0%,5.92
https://9anonai.com/en/blog/moroccan-law-on-franchising,0,161,0%,3.32
https://9anonai.com/fr/blog/morocco-solar-project-tax-credits-2026,0,161,0%,5.06
https://9anonai.com/en/blog/moroccan-environmental-law-plastic-ban,0,160,0%,7.04
https://9anonai.com/en/blog/ai-use-in-court-evidence-2026,0,158,0%,6.26
https://9anonai.com/en/blog/judicial-system-modernization-morocco-2026,0,153,0%,4.8
https://9anonai.com/en/blog/legal-ai-assistant-morocco-guide,0,151,0%,4.25
https://9anonai.com/en/blog/non-resident-mortgage-access-morocco,0,150,0%,6.12
https://9anonai.com/en/blog/surtax-cash-property-morocco-2026,0,145,0%,5.19
https://9anonai.com/fr/blog/movable-asset-security-law-2026,0,144,0%,7.44
https://9anonai.com/en/blog/moroccan-law-on-clinical-data-protection,0,140,0%,6.21
https://9anonai.com/en/blog/moroccan-law-on-data-security,0,137,0%,6.8
https://9anonai.com/en/blog/legal-framework-for-the-protection-of-traditional-knowledge,0,132,0%,4.19
https://9anonai.com/en/blog/moroccan-law-intellectual-property-protection,0,131,0%,6.68
https://9anonai.com/en/blog/moroccan-law-on-protection-of-personal-property,0,130,0%,5.12
https://9anonai.com/en/blog/mandatory-written-rental-contracts-2026,0,127,0%,4.24
https://9anonai.com/fr/blog/divorce-procedure-morocco-complete-guide,0,127,0%,34.21
https://9anonai.com/fr/blog/real-estate-digital-registration-morocco-2026,0,120,0%,6.19
https://9anonai.com/en/blog/moroccan-law-on-public-private-partnerships-for-infrastructure,0,118,0%,4.92
https://9anonai.com/en/blog/moroccan-law-on-intellectual-property-for-artists,0,117,0%,5.61
https://9anonai.com/en/blog/customs-duty-solar-panels-appliances-2026,0,113,0%,3.8
https://9anonai.com/en/blog/family-name-change-law,0,111,0%,6.12
https://9anonai.com/fr/blog/property-sales-notary-fees-2026,0,107,0%,5.54
https://9anonai.com/ar/blog/morocco-labor-code-employee-rights,0,99,0%,15.8
https://9anonai.com/ar/blog/public-procurement-law-morocco,0,98,0%,10.71
https://9anonai.com/en/blog/moroccan-securities-law-investor-protection,0,97,0%,5.47
https://9anonai.com/en/blog/moudawana-inheritance-reform,0,97,0%,7.32
https://9anonai.com/fr/blog/moroccan-law-on-data-security,0,97,0%,8.81
https://9anonai.com/fr/blog/understanding-moudawana-family-code,0,96,0%,11.41
https://9anonai.com/en/blog/moroccan-law-on-environmental-impact-liability,0,95,0%,5.21
https://9anonai.com/fr/blog/moroccan-regulations-on-import-export,0,93,0%,6.83
https://9anonai.com/ar/blog/moroccan-law-on-telecommunications-regulation,0,92,0%,5.74
https://9anonai.com/vs-9anoun,0,92,0%,7.61
https://9anonai.com/fr/blog/public-procurement-law-morocco,0,92,0%,9.43
https://9anonai.com/fr/blog/law-governing-artificial-intelligence-liability,0,90,0%,7.63
https://www.9anonai.com/vs-9anoun,0,90,0%,8.33
https://9anonai.com/en/blog/moroccan-law-on-securities-and-exchange-board,0,89,0%,5.98
https://9anonai.com/en/blog/moroccan-competition-law-market-regulation,0,86,0%,7.38
https://9anonai.com/en/blog/moroccan-law-on-medical-liability,0,85,0%,4.74
https://9anonai.com/en/blog/renewable-energy-law-morocco,0,84,0%,6.04
https://9anonai.com/en/divorce-law,0,84,0%,6.77
https://9anonai.com/en/blog/mediation-and-arbitration-law-in-morocco,0,84,0%,7.82
https://9anonai.com/en/blog/external-borrowing-authorization-2026,0,83,0%,4.82
https://9anonai.com/en/blog/property-sales-notary-fees-2026,0,81,0%,5.57
https://9anonai.com/en/blog/executive-non-compete-morocco-2026,0,78,0%,3.97
https://9anonai.com/en/blog/ai-liability-court-decisions-morocco,0,78,0%,5.62
https://9anonai.com/fr/blog/moroccan-law-on-the-protection-of-personal-data-in-scientific-research,0,78,0%,7.38
https://9anonai.com/en/blog/youth-political-participation-reforms-morocco,0,77,0%,4.87
https://9anonai.com/fr/blog/moroccan-law-on-renewable-energy-incentives,0,77,0%,7.01
https://9anonai.com/en/blog/competition-law-compliance-2026,0,76,0%,4.92
https://9anonai.com/en/blog/moroccan-law-on-crowdfunding,0,75,0%,4.45
https://9anonai.com/fr/blog/moroccan-law-on-crowdfunding,0,75,0%,6.2
https://9anonai.com/fr/blog/moroccan-law-on-urban-development-and-housing,0,75,0%,7.32
https://9anonai.com/fr/blog/permanent-residency-naturalization-morocco,0,75,0%,7.81
https://9anonai.com/fr/blog/finance-law-2026-tax-reforms-morocco,0,73,0%,8.36
https://9anonai.com/en/blog/the-legal-framework-for-investment-funds-in-morocco,0,72,0%,6.44
https://9anonai.com/en/blog/moroccan-securities-law-crowdfunding-regulation,0,69,0%,4.54
https://9anonai.com/en/blog/moroccan-law-on-whistleblowing,0,66,0%,6.21
https://9anonai.com/en/blog/the-legal-framework-for-public-private-partnerships-in-morocco,0,65,0%,5.49
https://9anonai.com/en/blog/education-law-59-21-reform,0,65,0%,8.66
https://9anonai.com/fr/blog/limits-domestic-borrowing-minister-finance-2026,0,64,0%,5.97
https://9anonai.com/en/blog/electronic-court-filing-morocco-2026,0,63,0%,6.32
https://9anonai.com/chat,0,60,0%,7.28
https://9anonai.com/fr/blog/criminal-justice-penal-code-morocco,0,60,0%,13.08
https://9anonai.com/fr/blog/commercial-law-starting-business-morocco,0,57,0%,7.44
https://9anonai.com/en/blog/impact-of-djibouti-agreement-on-moroccan-trade,0,57,0%,8.16
https://9anonai.com/fr/blog/commercial-law-morocco-business-compliance,0,56,0%,5.88
https://9anonai.com/en/blog/crypto-assets-law-morocco,0,56,0%,11.43
https://9anonai.com/fr/blog/external-borrowing-authorization-2026,0,53,0%,4.6
https://9anonai.com/fr/blog/moroccan-law-on-access-to-healthcare,0,53,0%,6.11
https://9anonai.com/ar/blog/tax-dispute-appeal-deadlines-morocco-2026,0,51,0%,6.63
https://9anonai.com/fr/blog/judicial-digitization-cost-savings-2026,0,49,0%,7.22
https://9anonai.com/ar/blog/moroccan-law-on-crowdfunding,0,49,0%,7.31
https://9anonai.com/en/blog/electoral-law-reforms-candidates-morocco,0,48,0%,4.08
https://9anonai.com/en/blog/capital-gains-self-employed-retirement-2026,0,48,0%,7.1
https://9anonai.com/ar/blog/starting-business-morocco-company-registration,0,48,0%,8.73
https://9anonai.com/ar/blog/divorce-procedure-morocco-complete-guide,0,48,0%,27.65
https://9anonai.com/ar/blog/tenant-rights-morocco-rental-disputes,0,47,0%,6.47
https://9anonai.com/en/blog/moroccan-law-on-the-protection-of-geographical-indications,0,47,0%,6.74
https://9anonai.com/en/blog/tax-dispute-appeal-deadlines-morocco-2026,0,46,0%,4.22
https://9anonai.com/en/blog/lawyers-protest-legal-profession-bill-morocco,0,46,0%,6.54
https://9anonai.com/ar/blog/law-on-the-protection-of-cultural-heritage-data,0,46,0%,8.07
https://9anonai.com/fr/blog/moroccan-competition-law-market-regulation,0,45,0%,7.11
https://9anonai.com/ar/blog/corporate-tax-rate-smes-2026,0,43,0%,4.77
https://9anonai.com/en/blog/legal-framework-for-e-sports-in-morocco,0,43,0%,6
https://9anonai.com/en/blog/regulation-of-leasing-contracts,0,43,0%,7.58
https://9anonai.com/en/blog/competition-council-powers-2026-morocco,0,42,0%,5.02
https://9anonai.com/en/blog/corporate-tax-updates-2026,0,41,0%,5.22
https://9anonai.com/en/blog/legal-implications-of-blockchain-technology-in-morocco,0,40,0%,6.17
https://9anonai.com/en/blog/moroccan-law-on-social-entrepreneurship,0,40,0%,6.17
https://9anonai.com/en/blog/judicial-digitization-cost-savings-2026,0,39,0%,5.64
https://9anonai.com/en/blog/national-press-council-reform-morocco,0,39,0%,7.15
https://9anonai.com/ar/blog/renewable-energy-law-morocco,0,39,0%,8.92
https://9anonai.com/ar/blog/competition-council-complaints-2026,0,38,0%,5.68
https://9anonai.com/fr/blog/family-name-change-law,0,38,0%,5.82
https://9anonai.com/blog/moroccan-internet-law-digital-ethics,0,38,0%,6.63
https://9anonai.com/ar/blog/competition-council-powers-2026-morocco,0,37,0%,10.57
https://9anonai.com/en/blog/electoral-law-2026-candidate-eligibility,0,36,0%,2.08
https://9anonai.com/fr/blog/electoral-law-reform-candidate-eligibility-morocco,0,36,0%,6.67
https://9anonai.com/blog/electronic-monitoring-morocco,0,36,0%,9.97
https://9anonai.com/ar/blog/external-borrowing-authorization-2026,0,35,0%,5.57
https://9anonai.com/en/blog/company-access-guaranteed-external-loans-2026,0,35,0%,6.57
https://9anonai.com/ar/blog/electoral-law-reform-candidate-eligibility-morocco,0,35,0%,8
https://9anonai.com/en/blog/consumer-protection-rights-morocco,0,34,0%,7.38
https://9anonai.com/fr/blog/moroccan-environmental-law-plastic-ban,0,33,0%,5.15
https://9anonai.com/en/blog/moroccan-law-on-mines-and-quarries,0,33,0%,5.79
https://9anonai.com/fr/blog/moroccan-law-on-the-rights-of-persons-with-disabilities,0,33,0%,6.3
https://9anonai.com/en/blog/remote-work-regulation-morocco,0,33,0%,6.58
https://9anonai.com/en/employee-rights,0,33,0%,9.33
https://9anonai.com/fr/blog/crypto-assets-law-morocco,0,33,0%,11.36
https://9anonai.com/en/blog/law-on-protection-of-geographic-indications-morocco,0,32,0%,5.5
https://9anonai.com/fr/blog/implementation-of-the-access-to-information-law,0,32,0%,6.31
https://9anonai.com/fr/blog/judicial-liquidation-timelines-law-36-24,0,31,0%,4.48
https://9anonai.com/en/blog/law-on-the-protection-of-cultural-heritage-data,0,31,0%,4.74
https://9anonai.com/en/blog/moroccan-law-on-the-protection-of-privacy-in-the-workplace,0,31,0%,4.94
https://9anonai.com/en/blog/contract-review-ai-morocco-business,0,31,0%,5.35
https://9anonai.com/fr/blog/moroccan-law-on-environmental-impact-liability,0,31,0%,5.97
https://9anonai.com/en/blog,0,31,0%,6.84
https://9anonai.com/ar/blog/corporate-tax-updates-2026,0,31,0%,8.39
https://9anonai.com/ar/blog/commercial-law-morocco-business-compliance,0,30,0%,8.83
https://9anonai.com/en/blog/tax-deductions-for-athletes-morocco-2026,0,29,0%,5.52
https://9anonai.com/en/blog/debt-repayment-contract-guarantees-2026,0,28,0%,4.82
https://9anonai.com/en/tenant-rights,0,28,0%,6.07
https://9anonai.com/divorce-law,0,28,0%,7.79
https://9anonai.com/fr/blog/unpaid-checks-family-exceptions-morocco,0,28,0%,8.04
https://9anonai.com/en/blog/moudawana-child-custody-reform,0,28,0%,9.21
https://9anonai.com/ar/blog/moroccan-law-on-the-fight-against-corruption,0,28,0%,10.93
https://9anonai.com/en/blog/law-on-data-governance,0,27,0%,6.48
https://9anonai.com/fr/blog/national-press-council-reform-morocco,0,26,0%,7.27
https://9anonai.com/fr/blog/moroccan-law-on-the-financing-of-terrorism,0,26,0%,10.35
https://9anonai.com/blog/remote-work-regulation-morocco,0,25,0%,11.28
https://9anonai.com/fr/blog/legal-framework-for-e-sports-in-morocco,0,24,0%,4
https://9anonai.com/en/legal-chatbot,0,24,0%,5.21
https://9anonai.com/en/blog/law-governing-artificial-intelligence-liability,0,24,0%,5.5
https://9anonai.com/fr/blog/debt-repayment-contract-guarantees-2026,0,24,0%,6.79
https://9anonai.com/en/blog/digital-courts-morocco,0,24,0%,7.25
https://9anonai.com/fr/blog/movable-asset-pledge-reform-2026,0,24,0%,7.75
https://9anonai.com/en/blog/regulation-of-the-sharing-economy-in-morocco,0,23,0%,2.65
https://9anonai.com/en/blog/finance-law-2026-reforms,0,23,0%,5.96
https://9anonai.com/fr/blog/morocco-migration-law-challenges-2026,0,23,0%,8.35
https://9anonai.com/ar/blog/moroccan-law-on-environmental-impact-assessments,0,22,0%,10.55
https://9anonai.com/ar/blog/legal-cannabis-cultivation-registration-morocco,0,21,0%,4.95
https://9anonai.com/en/blog/movable-asset-pledge-reform-2026,0,21,0%,5.19
https://9anonai.com/en/blog/competition-council-complaints-2026,0,21,0%,5.43
https://9anonai.com/en/blog/moroccan-law-on-the-financing-of-terrorism,0,21,0%,5.57
https://9anonai.com/fr/blog/moroccan-securities-law-crowdfunding-regulation,0,21,0%,6.29
https://9anonai.com/ar/blog/the-legal-framework-for-investment-funds-in-morocco,0,21,0%,6.76
https://9anonai.com/ar/blog/electronic-monitoring-morocco,0,20,0%,11.85
https://9anonai.com/ar/blog/moroccan-law-governing-water-resources,0,20,0%,14.05
https://9anonai.com/fr/blog/competition-council-complaints-2026,0,19,0%,6.26
https://9anonai.com/ar/blog/mediation-and-arbitration-law-in-morocco,0,19,0%,8.79
https://9anonai.com/ar/tenant-rights,0,19,0%,9.32
https://9anonai.com/fr/blog/moroccan-law-on-mines-and-quarries,0,18,0%,5.11
https://9anonai.com/en/blog/implementation-of-the-access-to-information-law,0,18,0%,5.94
https://9anonai.com/fr/blog/law-on-cross-border-data-transfers,0,18,0%,6.78
https://9anonai.com/fr/blog/administrative-law-citizen-rights,0,18,0%,10.94
https://9anonai.com/fr/blog/tax-compliance-morocco-business-guide,0,17,0%,5.35
https://9anonai.com/ar/blog/debt-repayment-contract-guarantees-2026,0,17,0%,5.59
https://9anonai.com/fr/blog/law-on-intellectual-property-enforcement,0,17,0%,7.65
https://9anonai.com/fr/blog/moroccan-law-on-public-health-emergencies,0,17,0%,7.71
https://9anonai.com/ar/blog/law-governing-artificial-intelligence-liability,0,17,0%,8
https://9anonai.com/ar/blog/mahakim-ma-password-reset-2026,0,17,0%,8.18
https://9anonai.com/ar/blog/moroccan-law-on-clinical-data-protection,0,17,0%,9.53
https://9anonai.com/en/blog/law-on-intellectual-property-enforcement,0,16,0%,4.81
https://9anonai.com/en/blog/moroccan-law-on-the-rights-of-persons-with-disabilities,0,16,0%,4.88
https://9anonai.com/fr/blog/moroccan-law-on-the-protection-of-geographical-indications,0,16,0%,7.38
https://9anonai.com/fr/blog/lawyers-protest-legal-profession-bill-morocco,0,16,0%,7.62
https://9anonai.com/ar/blog/crypto-assets-law-morocco,0,16,0%,14.06
https://9anonai.com/ar/blog/corporate-tax-exemptions-small-firms-2026,0,15,0%,5.07
https://9anonai.com/en/blog/visa-extension-for-migrants-2026,0,15,0%,5.8
https://9anonai.com/fr/blog/law-on-data-governance,0,15,0%,7.07
https://9anonai.com/en/blog/the-legal-aspects-of-impact-investing-in-morocco,0,14,0%,5.57
https://9anonai.com/ar/blog/moroccan-law-on-access-to-healthcare,0,14,0%,7.79
https://9anonai.com/chat?q=Draft Law 42.25: Morocco Legalizes Crypto-Assets,0,14,0%,12.14
https://9anonai.com/fr/blog/regulation-of-the-sharing-economy-in-morocco,0,13,0%,3.77
https://9anonai.com/fr/blog/corporate-tax-updates-2026,0,13,0%,5.15
https://9anonai.com/en/blog/law-on-voluntary-mediation-morocco,0,13,0%,6
https://9anonai.com/fr/blog/moroccan-law-on-the-fight-against-corruption,0,13,0%,8.46
https://9anonai.com/fr/blog/real-estate-tax-non-residents,0,13,0%,9
https://9anonai.com/fr/blog/microfinance-tax-incentives,0,13,0%,16.08
https://9anonai.com/fr/blog/tax-deductions-for-athletes-morocco-2026,0,12,0%,4.75
https://9anonai.com/fr/blog/moroccan-law-on-protection-of-personal-property,0,12,0%,5.75
https://9anonai.com/fr/blog/regulation-of-leasing-contracts,0,12,0%,6.67
https://9anonai.com/ar/blog/ai-use-in-court-evidence-2026,0,12,0%,7.17
https://9anonai.com/fr/blog/law-on-voluntary-mediation-morocco,0,12,0%,7.33
https://9anonai.com/blog/finance-law-2026-tax-reforms-morocco,0,12,0%,9.42
https://9anonai.com/fr/blog/youth-political-participation-reforms-morocco,0,12,0%,9.92
https://9anonai.com/ar,0,11,0%,5.09
https://9anonai.com/en/blog/starting-business-expat-2026,0,11,0%,6.55
https://9anonai.com/ar/blog/moroccan-law-on-environmental-impact-liability,0,11,0%,10.27
https://9anonai.com/ar/blog/real-estate-tax-non-residents,0,11,0%,22.27
https://9anonai.com/blog/corporate-tax-updates-2026,0,10,0%,6.5
https://9anonai.com/en/blog/law-on-virtual-assets-service-providers,0,10,0%,6.6
https://9anonai.com/fr/blog/legal-advice-mres,0,10,0%,10
https://9anonai.com/fr/blog/moudawana-child-custody-reform,0,10,0%,16.8
https://9anonai.com/employee-rights,0,9,0%,6.33
https://9anonai.com/fr/blog/law-on-virtual-assets-service-providers,0,9,0%,7.33
https://9anonai.com/ar/blog/vat-changes-2026,0,9,0%,8
https://www.9anonai.com/privacy,0,9,0%,8.44
https://9anonai.com/ar/blog/tax-deductions-for-athletes-morocco-2026,0,9,0%,11
https://9anonai.com/ar/startup-legal,0,9,0%,11.11
"https://9anonai.com/chat?q=%D8%A7%D9%84%D9%82%D8%A7%D9%86%D9%88%D9%86 
%D8%A7%D9%84%D9%85%D8%BA%D8%B1%D8%A8%D9%8A 
%D9%84%D8%AA%D9%86%D8%B8%D9%8A%D9%85 
%D8%A7%D9%84%D8%A7%D8%AA%D8%B5%D8%A7%D9%84%D8%A7%D8%AA",0,8,0%,6.5
https://9anonai.com/login,0,8,0%,8.25
https://9anonai.com/ar/employee-rights,0,8,0%,10.38
https://9anonai.com/blog/moudawana-gender-equality,0,8,0%,20.88
https://9anonai.com/blog/maritime-transport-fiscal-measures,0,8,0%,25.62
https://9anonai.com/ar/blog/moroccan-law-on-urban-development-and-housing,0,7,0%,5.29
https://9anonai.com/fr/blog/electoral-law-reforms-candidates-morocco,0,7,0%,6.14
https://9anonai.com/ar/blog/law-on-voluntary-mediation-morocco,0,7,0%,7
https://9anonai.com/ar/blog/moroccan-law-on-public-health-emergencies,0,7,0%,8
https://9anonai.com/fr/blog/capital-gains-self-employed-retirement-2026,0,7,0%,8
https://9anonai.com/blog/pension-system-reform-morocco,0,7,0%,8.71
https://9anonai.com/blog/strike-law-regulation,0,7,0%,15.43
https://9anonai.com/blog/public-agencies-restructuring,0,7,0%,16.14
https://9anonai.com/fr/blog/moroccan-securities-law-investor-protection,0,6,0%,4.5
https://9anonai.com/ar/blog/law-on-data-governance,0,6,0%,4.67
https://9anonai.com/fr/blog/the-legal-aspects-of-impact-investing-in-morocco,0,6,0%,7.67
https://9anonai.com/ar/blog/moroccan-securities-law-investor-protection,0,6,0%,8.17
https://9anonai.com/en/blog/alternative-sentencing-law-morocco,0,6,0%,10.17
https://9anonai.com/fr/divorce-law,0,6,0%,10.5
https://9anonai.com/fr/blog/higher-education-law-controversy,0,6,0%,10.83
https://9anonai.com/blog/moudawana-child-custody-reform,0,6,0%,11.83
https://9anonai.com/blog/vat-changes-2026,0,6,0%,13
https://9anonai.com/fr/blog/strike-law-regulation,0,6,0%,14.17
https://9anonai.com/blog/civil-procedure-law-reform,0,6,0%,15.5
https://9anonai.com/fr/blog/education-law-59-21-reform,0,6,0%,17.5
https://9anonai.com/blog/crypto-investor-protection,0,6,0%,18.33
https://9anonai.com/fr/blog/moroccan-law-on-whistleblowing#le-cadre-gnral-de-la-dnonciation-et-la-procdure-pnale,0,5,0%,1.4
https://9anonai.com/fr/blog/moroccan-law-on-whistleblowing#les-implications-pour-les-employs-et-les-entreprises,0,5,0%,1.4
https://9anonai.com/fr/blog/moroccan-law-on-whistleblowing#scurit-publique-et-tat-durgence-un-cadre-dalerte-spcifique,0,5,0%,1.4
https://9anonai.com/about,0,5,0%,3.2
http://9anonai.com/,0,5,0%,5.2
https://9anonai.com/ar/blog/law-on-cross-border-data-transfers,0,5,0%,5.4
https://9anonai.com/en/blog/mahakim-ma-password-reset-2026,0,5,0%,5.4
https://9anonai.com/ar/blog/moroccan-law-on-whistleblowing,0,5,0%,7.2
https://9anonai.com/ar/contract-review,0,5,0%,7.6
https://9anonai.com/ar/blog/movable-asset-pledge-reform-2026,0,5,0%,8
https://9anonai.com/ar/blog/moroccan-law-on-the-financing-of-terrorism,0,5,0%,8.2
https://9anonai.com/ar/blog/lawyers-protest-legal-profession-bill-morocco,0,5,0%,9.2
https://9anonai.com/ar/blog/regulation-of-clinical-trials-in-morocco,0,5,0%,10.6
https://9anonai.com/ar/blog/youth-political-participation-reforms-morocco,0,5,0%,10.6
https://9anonai.com/blog/education-law-59-21-reform,0,5,0%,15.4
https://9anonai.com/en/blog/moroccan-law-on-public-service-reform,0,4,0%,3
https://9anonai.com/en/blog/civil-procedure-law-reform,0,4,0%,5
https://9anonai.com/fr/blog,0,4,0%,5.25
https://9anonai.com/en/blog/movable-asset-security-law-2026,0,4,0%,7.5
https://9anonai.com/ar/blog/national-press-council-reform-morocco,0,4,0%,8.25
https://9anonai.com/ar/blog/regulation-of-leasing-contracts,0,4,0%,9.5
https://9anonai.com/en/blog/microfinance-tax-incentives,0,4,0%,10.25
https://9anonai.com/fr/employee-rights,0,4,0%,11
https://9anonai.com/fr/blog/impact-of-djibouti-agreement-on-moroccan-trade,0,4,0%,12.5
https://9anonai.com/en/blog/labor-law-wage-reform,0,4,0%,31.75
https://9anonai.com/fr/blog/crypto-trading-license-morocco-2026,0,3,0%,3.67
https://9anonai.com/en/contract-review,0,3,0%,6
https://9anonai.com/fr/blog/alternative-sentencing-law-morocco,0,3,0%,7
https://9anonai.com/fr/blog/declare-rental-income-tax-morocco-2026#1-introduction-pourquoi-la-fiscalit-foncire-change-t-elle-en,0,3,0%,7.67
https://9anonai.com/fr/blog/declare-rental-income-tax-morocco-2026#2-le-fondement-lgal-les-piliers-du-code-gnral-des-impts,0,3,0%,7.67
https://9anonai.com/ar/blog/impact-of-djibouti-agreement-on-moroccan-trade,0,3,0%,8
https://9anonai.com/en/blog/higher-education-law-controversy,0,3,0%,8.33
https://9anonai.com/fr/tenant-rights,0,3,0%,8.33
https://9anonai.com/ar/blog/public-agencies-restructuring,0,3,0%,10.33
https://9anonai.com/ar/blog/moudawana-gender-equality,0,3,0%,10.67
https://9anonai.com/fr/business-legal,0,3,0%,11
https://9anonai.com/ar/blog/strike-law-regulation,0,3,0%,24.33
https://9anonai.com/ar/blog/moudawana-inheritance-reform,0,2,0%,3
https://9anonai.com/fr/blog/law-on-protection-of-geographic-indications-morocco,0,2,0%,4
https://9anonai.com/ar/blog/implementation-of-the-access-to-information-law,0,2,0%,5
https://9anonai.com/en/blog/ecommerce-refund-delays-morocco-2026,0,2,0%,5.5
https://9anonai.com/ar/blog/remote-work-contracts-morocco-2026#%D8%A7%D9%84%D9%85%D8%B1%D8%AC%D8%B9%D9%8A%D8%A9-%D8%A7%D9%84%D9%82%D8%A7%D9%86%D9%88%D9%86%D9%8A%D8%A9-%D8%A7%D9%84%D9%82%D9%88%D8%A7%D9%86%D9%8A%D9%86-%D8%A7%D9%84%D9%85%D9%86%D8%B8%D9%85%D8%A9-%D9%84%D9%84%D8%B9%D9%85%D9%84-%D8%B9%D9%86-%D8%A8%D8%B9%D8%AF-%D9%81%D9%8A-%D8%A7%D9%84%D9%85%D8%BA%D8%B1%D8%A8,0,2,0%,6
https://9anonai.com/ar/blog/remote-work-contracts-morocco-2026#%D9%85%D9%82%D8%AF%D9%85%D8%A9-%D9%87%D9%84-%D8%A3%D9%86%D8%AA-%D9%85%D8%B3%D8%AA%D8%B9%D8%AF-%D9%84%D9%84%D8%AA%D8%AD%D9%88%D9%84-%D8%A7%D9%84%D8%B1%D9%82%D9%85%D9%8A-%D9%81%D9%8A-%D8%A8%D9%8A%D8%A6%D8%A9-%D8%A7%D9%84%D8%B9%D9%85%D9%84-%D8%A7%D9%84%D9%85%D8%BA%D8%B1%D8%A8%D9%8A%D8%A9%D8%9F,0,2,0%,6
https://9anonai.com/fr/blog/legal-framework-for-the-protection-of-traditional-knowledge,0,2,0%,6
https://9anonai.com/ar/blog/remote-work-regulation-morocco,0,2,0%,8
https://9anonai.com/blog/community-service-morocco,0,2,0%,9
https://9anonai.com/blog/family-name-change-law,0,2,0%,11.5
https://9anonai.com/blog/daily-fines-alternative-penalty,0,2,0%,12
https://9anonai.com/chat?q=Microfinance: Tax Incentives for VSEs,0,1,0%,1
https://9anonai.com/fr/blog/moroccan-law-on-whistleblowing#le-secteur-financier-et-les-bureaux-dinformation-de-crdit,0,1,0%,2
https://9anonai.com/en/blog/strike-law-regulation,0,1,0%,3
https://9anonai.com/fr/blog/amo-coverage-expansion-2026,0,1,0%,3
https://9anonai.com/fr/blog/rental-increase-limits-2026-morocco#la-loi-67-12-le-texte-de-rfrence,0,1,0%,3
https://9anonai.com/fr/blog/rental-increase-limits-2026-morocco#les-rformes-transversales-et-2026,0,1,0%,3
https://9anonai.com/ar/blog/legal-framework-for-the-protection-of-traditional-knowledge,0,1,0%,4
https://9anonai.com/fr/blog/moroccan-law-on-telecommunications-regulation#le-cadre-lgislatif-la-loi-24-96,0,1,0%,4
https://9anonai.com/fr/blog/moroccan-law-on-telecommunications-regulation#obligations-des-oprateurs-et-protection-des-signaux,0,1,0%,4
https://9anonai.com/fr/blog/moroccan-law-on-telecommunications-regulation#proprit-intellectuelle-et-diffusion,0,1,0%,4
https://9anonai.com/ar/blog/amo-coverage-expansion-2026,0,1,0%,5
https://9anonai.com/ar/blog/higher-education-law-controversy,0,1,0%,5
https://9anonai.com/en/blog/urban-planning-reform-morocco,0,1,0%,5
https://9anonai.com/chat?q=TVA 2026 : Exon%C3%A9rations et Augmentations,0,1,0%,6
https://9anonai.com/fr/blog/urban-planning-reform-morocco,0,1,0%,6
https://9anonai.com/ar/blog/civil-procedure-law-reform,0,1,0%,7
https://9anonai.com/ar/blog/urban-planning-reform-morocco,0,1,0%,7
https://9anonai.com/en/blog/daily-fines-alternative-penalty,0,1,0%,7
https://9anonai.com/en/blog/moudawana-gender-equality,0,1,0%,7
https://9anonai.com/ar/blog/moroccan-competition-law-market-regulation#%D8%A2%D9%84%D9%8A%D8%A7%D8%AA-%D8%A7%D9%84%D8%B5%D9%84%D8%AD-%D9%88%D8%A7%D9%84%D8%B9%D9%82%D9%88%D8%A8%D8%A7%D8%AA-%D9%81%D9%8A-%D9%82%D8%A7%D9%86%D9%88%D9%86-%D8%A7%D9%84%D9%85%D9%86%D8%A7%D9%81%D8%B3%D8%A9,0,1,0%,8
https://9anonai.com/ar/blog/moroccan-competition-law-market-regulation#%D8%A7%D9%84%D8%B1%D9%82%D8%A7%D8%A8%D8%A9-%D8%B9%D9%84%D9%89-%D8%B9%D9%85%D9%84%D9%8A%D8%A7%D8%AA-%D8%A7%D9%84%D8%AA%D8%B1%D9%83%D9%8A%D8%B2-%D8%A7%D9%84%D8%A7%D9%82%D8%AA%D8%B5%D8%A7%D8%AF%D9%8A-%D9%88%D9%85%D8%A4%D8%B3%D8%B3%D8%A7%D8%AA-%D8%A7%D9%84%D8%A7%D8%A6%D8%AA%D9%85%D8%A7%D9%86,0,1,0%,8
https://9anonai.com/ar/blog/moroccan-competition-law-market-regulation#%D8%A7%D9%84%D9%85%D9%86%D8%A7%D9%81%D8%B3%D8%A9-%D9%81%D9%8A-%D8%A7%D9%84%D8%B5%D9%81%D9%82%D8%A7%D8%AA-%D8%A7%D9%84%D8%B9%D9%85%D9%88%D9%85%D9%8A%D8%A9-%D9%88%D9%85%D8%B9%D8%A7%D9%8A%D9%8A%D8%B1-%D8%A7%D9%84%D8%A7%D8%AE%D8%AA%D9%8A%D8%A7%D8%B1,0,1,0%,8
https://9anonai.com/ar/blog/moroccan-competition-law-market-regulation#%D9%86%D8%B7%D8%A7%D9%82-%D8%AA%D8%B7%D8%A8%D9%8A%D9%82-%D9%82%D8%A7%D9%86%D9%88%D9%86-%D8%A7%D9%84%D9%85%D9%86%D8%A7%D9%81%D8%B3%D8%A9-%D9%81%D9%8A-%D8%A7%D9%84%D9%85%D8%BA%D8%B1%D8%A8,0,1,0%,8
https://9anonai.com/ar/blog/residence-permit-renewal-2026#%D8%A7%D9%84%D9%85%D8%B1%D8%A7%D8%AC%D8%B9-%D8%A7%D9%84%D9%82%D8%A7%D9%86%D9%88%D9%86%D9%8A%D8%A9-%D8%A7%D9%84%D8%A3%D8%B3%D8%A7%D8%B3%D9%8A%D8%A9,0,1,0%,8
https://9anonai.com/ar/blog/residence-permit-renewal-2026#2-%D8%A7%D9%84%D9%88%D8%AB%D8%A7%D8%A6%D9%82-%D8%A7%D9%84%D9%85%D8%B7%D9%84%D9%88%D8%A8%D8%A9-%D8%A7%D9%84%D9%85%D9%84%D9%81-%D8%A7%D9%84%D8%B9%D8%A7%D9%85,0,1,0%,8
https://9anonai.com/ar/blog/residence-permit-renewal-2026#3-%D8%A7%D9%84%D9%88%D8%AB%D8%A7%D8%A6%D9%82-%D8%A7%D9%84%D8%AE%D8%A7%D8%B5%D8%A9-%D8%AD%D8%B3%D8%A8-%D9%86%D9%88%D8%B9-%D8%A7%D9%84%D8%A5%D9%82%D8%A7%D9%85%D8%A9,0,1,0%,8
https://9anonai.com/blog/amo-coverage-expansion-2026,0,1,0%,8
"https://9anonai.com/chat?q=T%C3%A9l%C3%A9travail au Maroc : Enfin une loi 
pour l'encadrer",0,1,0%,8
https://9anonai.com/fr/blog/community-service-morocco,0,1,0%,8
https://9anonai.com/chat?q=Pension Reform: Saving Funds from Bankruptcy,0,1,0%,9
https://9anonai.com/fr/blog/declare-rental-income-tax-morocco-2026#la-retenue-la-source-articles-173-et-174,0,1,0%,9
https://9anonai.com/fr/blog/declare-rental-income-tax-morocco-2026#tape-3-la-tldclaration-avant-le-1er-mars,0,1,0%,9
https://9anonai.com/ar/blog/law-on-virtual-assets-service-providers,0,1,0%,10
https://9anonai.com/ar/blog/legal-advice-mres,0,1,0%,10
https://9anonai.com/en/blog/vat-changes-2026,0,1,0%,10
https://9anonai.com/ar/blog/consumer-protection-rights-morocco#%D8%A7%D9%84%D8%A5%D8%B7%D8%A7%D8%B1-%D8%A7%D9%84%D9%82%D8%A7%D9%86%D9%88%D9%86%D9%8A-%D9%84%D8%AD%D9%85%D8%A7%D9%8A%D8%A9-%D8%A7%D9%84%D9%85%D8%B3%D8%AA%D9%87%D9%84%D9%83-%D9%81%D9%8A-%D8%A7%D9%84%D9%85%D8%BA%D8%B1%D8%A8,0,1,0%,11
https://9anonai.com/ar/blog/consumer-protection-rights-morocco#%D8%AD%D9%85%D8%A7%D9%8A%D8%A9-%D8%A7%D9%84%D9%85%D9%84%D9%83%D9%8A%D8%A9-%D8%A7%D9%84%D8%B5%D9%86%D8%A7%D8%B9%D9%8A%D8%A9-%D9%88%D8%A7%D9%84%D8%B9%D9%84%D8%A7%D9%85%D8%A7%D8%AA-%D8%A7%D9%84%D8%AA%D8%AC%D8%A7%D8%B1%D9%8A%D8%A9,0,1,0%,11
https://9anonai.com/ar/blog/consumer-protection-rights-morocco#%D9%83%D9%8A%D9%81-%D8%AA%D8%B7%D8%A7%D9%84%D8%A8-%D8%A8%D8%AD%D9%82%D9%88%D9%82%D9%83%D8%9F-%D8%A7%D9%84%D9%85%D8%B3%D8%A7%D8%B7%D8%B1-%D9%88%D8%A7%D9%84%D8%A5%D8%AC%D8%B1%D8%A7%D8%A1%D8%A7%D8%AA,0,1,0%,11
https://9anonai.com/ar/blog/consumer-protection-rights-morocco#1-%D8%A7%D9%84%D8%B6%D9%85%D8%A7%D9%86-%D8%A7%D9%84%D9%82%D8%A7%D9%86%D9%88%D9%86%D9%8A-%D9%84%D8%B9%D9%8A%D9%88%D8%A8-%D8%A7%D9%84%D8%B4%D9%8A%D8%A1-%D8%A7%D9%84%D9%85%D8%A8%D9%8A%D8%B9,0,1,0%,11
https://9anonai.com/ar/blog/moroccan-law-on-data-security#%D8%A7%D9%84%D8%A7%D9%84%D8%AA%D8%B2%D8%A7%D9%85%D8%A7%D8%AA-%D8%A7%D9%84%D9%85%D8%A4%D8%B3%D8%B3%D8%A7%D8%AA%D9%8A%D8%A9-%D9%88%D8%A7%D9%84%D8%B9%D9%82%D9%88%D8%A8%D8%A7%D8%AA-%D8%A7%D9%84%D9%82%D8%A7%D9%86%D9%88%D9%86%D9%8A%D8%A9,0,1,0%,11
https://9anonai.com/ar/blog/moroccan-law-on-data-security#%D8%AD%D9%85%D8%A7%D9%8A%D8%A9-%D8%A7%D9%84%D9%85%D8%B9%D8%B7%D9%8A%D8%A7%D8%AA-%D8%B0%D8%A7%D8%AA-%D8%A7%D9%84%D8%B7%D8%A7%D8%A8%D8%B9-%D8%A7%D9%84%D8%B4%D8%AE%D8%B5%D9%8A-%D8%A7%D9%84%D9%82%D8%A7%D9%86%D9%88%D9%86-0908,0,1,0%,11
https://9anonai.com/ar/blog/moroccan-law-on-data-security#%D9%85%D9%83%D8%A7%D8%AA%D8%A8-%D8%A7%D9%84%D9%85%D8%B9%D9%84%D9%88%D9%85%D8%A7%D8%AA-%D8%A7%D9%84%D8%A7%D8%A6%D8%AA%D9%85%D8%A7%D9%86%D9%8A%D8%A9-%D8%A7%D9%84%D8%AA%D9%88%D8%A7%D8%B2%D9%86-%D8%A8%D9%8A%D9%86-%D8%A7%D9%84%D8%B4%D9%81%D8%A7%D9%81%D9%8A%D8%A9-%D9%88%D8%A7%D9%84%D8%A3%D9%85%D9%86,0,1,0%,11
https://9anonai.com/blog-images/morocco-long-stay-visa-digital-nomads.png,0,1,0%,26
"https://9anonai.com/chat?q=%D9%82%D8%A7%D9%86%D9%88%D9%86 
%D8%A7%D9%84%D9%88%D8%B3%D8%A7%D8%B7%D8%A9 
%D9%88%D8%A7%D9%84%D8%AA%D8%AD%D9%83%D9%8A%D9%85 %D9%81%D9%8A 
%D8%A7%D9%84%D9%85%D8%BA%D8%B1%D8%A8",0,1,0%,28
"https://9anonai.com/chat?q=%D8%A5%D8%B9%D8%A7%D8%AF%D8%A9 
%D9%87%D9%8A%D9%83%D9%84%D8%A9 
%D8%A7%D9%84%D9%85%D8%A4%D8%B3%D8%B3%D8%A7%D8%AA 
%D8%A7%D9%84%D8%B9%D9%85%D9%88%D9%85%D9%8A%D8%A9: %D8%AD%D9%84 
%D8%A7%D9%84%D9%88%D9%83%D8%A7%D9%84%D8%A7%D8%AA %D8%BA%D9%8A%D8%B1 
%D8%A7%D9%84%D9%81%D8%B9%D8%A7%D9%84%D8%A9",0,1,0%,30
https://9anonai.com/chat?q=Digital Judicial Services: Symbolic Fees,0,1,0%,39